"fraccion_atribuible_arimax","fraccion_atribuible_lagged","delta"
0.0222796781895008,0.0237054291407406,0.0014257509512398
