"Media","Mediana","Mínimo","Máximo","Rango","Varianza","Desv. Estándar","Q1","Q3","Coef. Variación"
13.0438356164383,11,1,119,118,61.8824044986242,7.86653700802483,8,16,0.603084647748176
